address_id,customer_id,address_line1,address_line2,city,postal_code,country,phone_number
3,3,31110 Çetin Cliffs Suite 920,Suite 605,Bursa,85528,Türkiye,+90532522322
4,4,66195 Erşat Knolls Suite 422,Apt. 693,Konya,78234,Türkiye,+90548688704
5,5,1061 Şener Overpass,,Antalya,44171,Türkiye,+90562933106
6,6,458 Zorlu Orchard,,İstanbul,24628,Türkiye,+90549708007
7,7,5326 Yaman Keys,,Ankara,36833,Türkiye,+90569286364
8,8,093 Bilir Isle,,Ankara,10083,Türkiye,+90561056041
9,9,356 Songurkan Tunnel Suite 410,,İzmir,41099,Türkiye,+90537417203
10,10,304 Akar Tunnel,,Konya,92651,Türkiye,+90552369868
11,11,4388 Lüfen Stravenue Suite 112,Suite 487,Antalya,72401,Türkiye,+90547503972
12,12,988 Akar Springs Suite 330,,Ankara,70898,Türkiye,+90555949374
13,13,575 Bitül Bridge,Apt. 635,Bursa,32411,Türkiye,+90546340374
14,14,941 Şener Centers Apt. 592,Suite 112,İstanbul,90336,Türkiye,+90501221533
15,15,027 Rabih Centers Apt. 367,,Adana,85807,Türkiye,+90565172299
16,16,008 Cezayir Island Suite 984,,İstanbul,75985,Türkiye,+90548323656
17,17,494 Zinnure Loaf,,Antalya,41018,Türkiye,+90507267430
18,18,4159 Şükri Bypass,Apt. 651,Trabzon,25848,Türkiye,+90564076284
19,19,563 Sezgin Dam,Apt. 016,İzmir,15535,Türkiye,+90555949654
20,20,7653 Demir Street,,Kocaeli,32458,Türkiye,+90500829569
21,21,3397 Demir Rapids Suite 420,Apt. 627,Gaziantep,70157,Türkiye,+90564941044
22,22,516 Durmuş Fords,,Adana,04649,Türkiye,+90553484799
23,23,69874 Beray Ferry,,Konya,80289,Türkiye,+90561977713
24,24,503 Kezban Meadows Suite 962,,Eskişehir,34769,Türkiye,+90546318962
25,25,8143 Akçay Course Apt. 048,,İstanbul,94354,Türkiye,+90549969070
26,26,56051 Kısmet Motorway,,Bursa,02701,Türkiye,+90538582681
27,27,15345 Ülker Springs,,Samsun,29082,Türkiye,+90507525226
28,28,250 Bilgin Radial,,Adana,55616,Türkiye,+90500443432
29,29,2706 İnönü Gateway,Suite 629,Gaziantep,78510,Türkiye,+90506993468
30,30,867 Sezer Lights,Suite 185,İzmir,25195,Türkiye,+90561804006
31,31,293 Gülen Fork Suite 400,,İstanbul,44151,Türkiye,+90561856813
32,32,08450 Ğanim Ford Apt. 665,,İstanbul,74738,Türkiye,+90537559766
33,33,1825 Durdu Corner Suite 253,,Mersin,71056,Türkiye,+90552472282
34,34,45452 Anka Centers Apt. 489,,Adana,11865,Türkiye,+90545247381
35,35,3902 İhsanoğlu Green,,Bursa,15048,Türkiye,+90560187249
36,36,650 Bilir Route Apt. 816,,Malatya,44304,Türkiye,+90504102091
37,37,8257 Sezgin Islands,,Adana,64672,Türkiye,+90535808611
38,38,770 Çamurcuoğlu Light Apt. 298,Suite 461,İstanbul,67070,Türkiye,+90507118396
39,39,97349 Yaman Ways,,Ankara,27663,Türkiye,+90545845548
40,40,07316 Demir Isle Suite 991,,Mersin,38692,Türkiye,+90561014564
41,41,9552 Sittik Fields,,Gaziantep,30436,Türkiye,+90556954907
42,42,1212 Bilge Forge,,İstanbul,30192,Türkiye,+90562904674
43,43,86183 Zorlu Corner,Suite 007,Bursa,46953,Türkiye,+90543270242
44,44,9916 Nevise Viaduct Suite 337,,Kocaeli,07258,Türkiye,+90501851679
45,45,6283 Çokan Ford,,Bursa,47742,Türkiye,+90565986012
46,46,73817 Duran Loop Suite 054,Suite 420,İstanbul,63750,Türkiye,+90543791028
47,47,0380 Alcan Fall Apt. 946,,Antalya,15155,Türkiye,+90535723415
48,48,32741 Emrullah Crest,Suite 284,İzmir,87157,Türkiye,+90504255174
49,49,9163 Şafak Mount,Suite 047,İzmir,52092,Türkiye,+90543177479
50,50,997 Bilgin Station,Apt. 582,Ankara,78699,Türkiye,+90541555822
51,51,1147 İhsanoğlu Drives Suite 565,,Ankara,73619,Türkiye,+90557694339
52,52,9923 Kaygusuz Pike,,Samsun,99079,Türkiye,+90554140275
53,53,07911 Vargın Plains Suite 471,,Trabzon,39356,Türkiye,+90535097347
54,54,9500 Orçin Mews Apt. 650,,Ankara,35519,Türkiye,+90531014844
55,55,7184 Eriş Dale,,İstanbul,97920,Türkiye,+90556398229
56,56,86926 Mansız Burgs Suite 617,,Ankara,30065,Türkiye,+90542013203
57,57,135 Ağbegim Drives,Suite 754,Denizli,04083,Türkiye,+90502804022
58,58,77305 Tevetoğlu Mall Suite 619,,İstanbul,22228,Türkiye,+90557702843
59,59,36001 Hanim Parkway Suite 037,,İzmir,95776,Türkiye,+90509808915
60,60,96777 Alemdar Park Apt. 385,,Denizli,13152,Türkiye,+90506564275
61,61,21756 Sezer Parkway,Suite 385,İstanbul,01510,Türkiye,+90530191576
62,62,893 Sezer Freeway,,Konya,59347,Türkiye,+90509563479
63,63,49433 İdiris Lane Apt. 328,,İstanbul,43377,Türkiye,+90532312411
64,64,153 Kiyasi Way Apt. 128,,İzmir,29348,Türkiye,+90556701509
65,65,898 Hançer Village,,İzmir,98706,Türkiye,+90501017458
66,66,554 Vildane Circle Apt. 584,,Samsun,05786,Türkiye,+90567611032
67,67,9461 Ömriye Squares Suite 865,Suite 435,İstanbul,67653,Türkiye,+90565991192
68,68,66546 Ergül Roads,,Gaziantep,76082,Türkiye,+90507597834
69,69,06265 Sargın Freeway,,Eskişehir,99569,Türkiye,+90552164636
70,70,7512 Bilir Valleys,Apt. 552,Malatya,30404,Türkiye,+90538046443
71,71,810 Duran Viaduct Apt. 483,Suite 405,Adana,23137,Türkiye,+90543672681
72,72,4650 Tonguç Expressway Suite 210,Apt. 602,İstanbul,73222,Türkiye,+90539553840
73,73,15626 Sabihe Corner,Apt. 913,İzmir,01994,Türkiye,+90558287897
74,74,24122 Macide Landing,,Adana,57979,Türkiye,+90504283460
75,75,1960 İnönü Run Apt. 665,,İstanbul,05883,Türkiye,+90563372746
76,76,59403 Süvari Court Apt. 697,,Bursa,75036,Türkiye,+90530245221
77,77,16521 Hacile Isle,,Mersin,02041,Türkiye,+90563829213
78,78,68821 Ertaş Estate Apt. 635,Apt. 341,Kocaeli,08398,Türkiye,+90569718676
79,79,389 Aliihsan Mission,,İstanbul,76363,Türkiye,+90561276846
80,80,10537 Zaliha Parkways,,İstanbul,09202,Türkiye,+90569338140
81,81,49821 Atılgan Branch Apt. 711,Apt. 316,İstanbul,17592,Türkiye,+90558609402
82,82,5684 Benice Streets,,Kocaeli,92644,Türkiye,+90543278559
83,83,42218 Yepelek Orchard,,Konya,29311,Türkiye,+90550314084
84,84,5579 Oguş Vista,,Malatya,62909,Türkiye,+90539879148
85,85,106 Tevetoğlu Plain,,Ankara,47091,Türkiye,+90559299770
86,86,2246 Akçay Freeway,,İstanbul,85756,Türkiye,+90536512961
87,87,8749 Demir Walks Apt. 763,,Gaziantep,45402,Türkiye,+90542459152
88,88,5850 Ünal Camp,Apt. 650,İzmir,36269,Türkiye,+90501781323
89,89,8638 Dumanlı Loaf,Apt. 868,Konya,31256,Türkiye,+90508542663
90,90,5419 Aslan Center,Suite 244,Ankara,14224,Türkiye,+90503018746
91,91,74336 Eraslan Shoal Apt. 287,,Bursa,71929,Türkiye,+90540018603
92,92,187 Demirel Mount Apt. 997,Suite 445,Bursa,83081,Türkiye,+90531551946
93,93,12635 Eraslan Plains,Suite 153,Samsun,84784,Türkiye,+90501942006
94,94,184 Talibe Key Suite 584,,İstanbul,75119,Türkiye,+90553126512
95,95,69766 Tevetoğlu Locks Apt. 895,Apt. 334,İstanbul,35510,Türkiye,+90507144469
96,96,70173 Şafak Village Apt. 594,,Antalya,64610,Türkiye,+90553138199
97,97,4941 Tanses Ridge Apt. 623,,Ankara,51749,Türkiye,+90544049592
98,98,85950 Ertaş Plaza,,Gaziantep,86789,Türkiye,+90543842733
99,99,45354 Mansız Burg,,İstanbul,47153,Türkiye,+90558776719
100,100,86344 Gülen Garden,,Ankara,81758,Türkiye,+90532659032
101,101,816 Günar Walk Apt. 249,,İstanbul,56895,Türkiye,+90507914549
102,102,8463 Nazlim Manors Apt. 597,,Eskişehir,18222,Türkiye,+90559887319
103,103,8885 Öcalan Rapid Suite 538,,İstanbul,46971,Türkiye,+90560503312
104,104,613 Dumanlı Drives,,Trabzon,25451,Türkiye,+90554426915
105,105,69704 Sayrak Heights,Suite 323,Malatya,63950,Türkiye,+90562451674
106,106,31650 Çorlu Lakes,Suite 994,Ankara,82582,Türkiye,+90539642562
107,107,40991 Gülşeref Burgs Apt. 598,,Kocaeli,11414,Türkiye,+90566976931
108,108,19640 Çevregül Ports,Suite 277,Ankara,81147,Türkiye,+90566964671
109,109,8043 Erdoğan Summit Apt. 393,,İzmir,24846,Türkiye,+90503216185
110,110,269 Yavuz Neck Suite 717,Apt. 521,Mersin,98339,Türkiye,+90533970026
111,111,440 İhsanoğlu Forks,Apt. 204,Adana,82603,Türkiye,+90556952419
112,112,32555 Akça Locks,,İstanbul,89876,Türkiye,+90534134004
113,113,330 Boztaş Gardens,,İstanbul,13700,Türkiye,+90544423796
114,114,0198 Uzbay Junction Suite 601,Apt. 082,İzmir,51746,Türkiye,+90504434527
115,115,7648 Fatinur Route Apt. 722,,Antalya,30570,Türkiye,+90544109445
116,116,54398 Öcalan Gateway,,İzmir,53277,Türkiye,+90567429297
117,117,3927 Durmuş Stream Apt. 589,Suite 640,Konya,21728,Türkiye,+90564170472
118,118,72808 Atılgan Fork,Suite 637,Ankara,26519,Türkiye,+90546352095
119,119,25165 Sezgin Cove Suite 507,,İstanbul,46087,Türkiye,+90537664539
120,120,674 İlklima Summit,,Antalya,98603,Türkiye,+90563685219
121,121,6114 Alaz Road,,İstanbul,52166,Türkiye,+90568223112
122,122,9609 Ufukay Mills Suite 876,,Mersin,25176,Türkiye,+90532933416
123,123,8546 Hazrat Green,,Ankara,24547,Türkiye,+90542627870
124,124,98500 Saba Branch Suite 178,,İzmir,49352,Türkiye,+90500311518
125,125,78166 Meveddet Freeway Apt. 261,,İstanbul,83998,Türkiye,+90553668920
126,126,131 Süha Shores Suite 830,Apt. 346,İstanbul,56327,Türkiye,+90502080229
127,127,113 Sezer Crossroad Suite 214,,İzmir,07083,Türkiye,+90505338970
128,128,328 İhsanoğlu Valley Suite 315,Apt. 292,Van,99495,Türkiye,+90538236269
129,129,85063 Emrullah Meadow,,İzmir,29256,Türkiye,+90556058135
130,130,15053 Mansız Wells Apt. 414,,Ankara,10162,Türkiye,+90552119849
131,131,1948 Vargın Mill Apt. 206,,Antalya,30121,Türkiye,+90554128964
132,132,27859 Demirel Glens,,İstanbul,59017,Türkiye,+90559324224
133,133,9738 Arslan Ranch,,Bursa,60099,Türkiye,+90565754003
134,134,2097 Deviner Valleys Suite 538,,Ankara,87285,Türkiye,+90556733474
135,135,80877 Şener Ferry,,İstanbul,26499,Türkiye,+90540934557
136,136,26914 Korutürk Square,,İzmir,59752,Türkiye,+90539607927
137,137,273 Leyli Forge Apt. 753,,Antalya,76826,Türkiye,+90546076062
138,138,112 Şensoy Village,Suite 273,İzmir,23289,Türkiye,+90507590235
139,139,772 Karadeniz Pines Apt. 941,,Trabzon,28729,Türkiye,+90536141392
140,140,0803 Şama Cape,Suite 374,İstanbul,91276,Türkiye,+90551133084
141,141,667 Gümüştekin Meadows Apt. 533,,İstanbul,90220,Türkiye,+90545936252
142,142,3920 Yorulmaz Fort Apt. 613,Apt. 007,İstanbul,60760,Türkiye,+90540357813
143,143,777 Ummahani Park,,Ankara,41962,Türkiye,+90557128339
144,144,3896 Sakip Forge Apt. 363,,Antalya,14118,Türkiye,+90569370554
145,145,1645 Edgübay Crossing Apt. 667,Suite 143,Ankara,63997,Türkiye,+90560186345
146,146,2218 Gülçe Circles,,İzmir,94863,Türkiye,+90549093756
147,147,0367 Müğber Street Suite 981,Suite 929,Eskişehir,98587,Türkiye,+90561353013
148,148,578 Odkanlı Mission,Apt. 138,Ankara,16177,Türkiye,+90548424792
149,149,11930 Mükrüme Mill,Apt. 915,Bursa,25028,Türkiye,+90548225854
150,150,03836 Değmeer Greens Apt. 472,,Van,08879,Türkiye,+90537967385
151,151,661 Günşen Summit,,İstanbul,55272,Türkiye,+90532753964
152,152,3043 Ergül Viaduct,,Ankara,67085,Türkiye,+90543957878
153,153,46768 Ayülker Pass,Suite 068,İzmir,48197,Türkiye,+90543989326
154,154,36879 Eraslan Port,Suite 735,Konya,61466,Türkiye,+90536266005
155,155,4290 Perinur Spring Apt. 874,,Denizli,32584,Türkiye,+90545826945
156,156,9669 Savni Circles,Apt. 826,Ankara,35434,Türkiye,+90538479611
157,157,509 Tarhan Islands,Suite 029,İstanbul,74227,Türkiye,+90503472491
158,158,5564 Çetin Forge,Suite 904,Antalya,51121,Türkiye,+90551658919
159,159,6014 Cebesoy Walk Suite 950,Apt. 671,Samsun,24726,Türkiye,+90509749936
160,160,26398 Şama Park,Suite 876,İstanbul,15969,Türkiye,+90548458507
161,161,134 Jaruthip Glen,,İstanbul,51063,Türkiye,+90567110574
162,162,339 Bilir Centers,,Ankara,43188,Türkiye,+90542760401
163,163,8994 Şendoğan Hollow,,Adana,80054,Türkiye,+90505219513
164,164,22074 Sezen Run Apt. 146,,İstanbul,89603,Türkiye,+90553398875
165,165,4512 Havali Passage Suite 963,Apt. 405,Ankara,32692,Türkiye,+90554102103
166,166,112 Ersel Mountains Apt. 187,Suite 107,Ankara,62178,Türkiye,+90558489037
167,167,459 Sıla Islands,Apt. 697,Ankara,80071,Türkiye,+90564532590
168,168,988 Durmuşali Spurs,,Adana,24784,Türkiye,+90567175186
169,169,479 Öcalan Gateway Suite 308,,İzmir,41776,Türkiye,+90533304244
170,170,8940 Arcan Station Suite 390,Apt. 867,Konya,87233,Türkiye,+90504119733
171,171,979 Nili Pike,Suite 062,Trabzon,05140,Türkiye,+90553690732
172,172,6508 Divan Orchard Apt. 023,,Ankara,26706,Türkiye,+90563878077
173,173,3303 Mengüç Lodge Apt. 341,Suite 612,Eskişehir,96680,Türkiye,+90535853707
174,174,60452 Korutürk Rapid Suite 420,,Mersin,78445,Türkiye,+90530857039
175,175,8734 Sejda Cove Apt. 875,,İstanbul,05883,Türkiye,+90530486471
176,176,3441 Yosma Flats,,Ankara,11520,Türkiye,+90567034448
177,177,0106 Semender Ports Apt. 528,,Konya,64457,Türkiye,+90568774775
178,178,550 Turcein Islands,,Trabzon,59314,Türkiye,+90500788126
179,179,97337 Feraye Plains,,İstanbul,46744,Türkiye,+90557795819
180,180,7161 Şafak Falls,,Van,05973,Türkiye,+90549516297
181,181,07619 Arsoy Track Suite 703,,Antalya,79542,Türkiye,+90546548232
182,182,42756 Alemdar Radial,,Trabzon,23339,Türkiye,+90549177279
183,183,27709 Karabaş Rest,,İstanbul,36738,Türkiye,+90553152049
184,184,7750 Edgübay Junctions,Apt. 579,Antalya,83742,Türkiye,+90567343356
185,185,251 Safura Freeway Suite 951,,İstanbul,58148,Türkiye,+90563197661
186,186,63045 Çamurcuoğlu Center,Apt. 766,Bursa,78709,Türkiye,+90549531175
187,187,1068 Sevgen Fords,,Denizli,16821,Türkiye,+90535687204
188,188,418 Birgit Land Suite 001,,İstanbul,15624,Türkiye,+90551710298
189,189,74937 Yaman Branch,,Ankara,57650,Türkiye,+90500575229
190,190,02269 Gül Drive Suite 748,,Denizli,15316,Türkiye,+90564468889
191,191,173 Yılmaz Parkway,,Eskişehir,78308,Türkiye,+90500587233
192,192,21195 Ertaş Green Apt. 366,,Konya,01540,Türkiye,+90537658958
193,193,63005 Şama Avenue Suite 833,Apt. 378,Ankara,75694,Türkiye,+90548917388
194,194,80194 Mucahit Junction Apt. 363,Suite 882,Ankara,64223,Türkiye,+90505228671
195,195,662 Serma Inlet,Apt. 484,İstanbul,47993,Türkiye,+90542666055
196,196,484 Akçay Station Suite 022,,İstanbul,67130,Türkiye,+90542637639
197,197,2618 Sezgin Drive Suite 754,,İzmir,16445,Türkiye,+90543829308
198,198,2679 Sezer Drive,Suite 562,Ankara,39296,Türkiye,+90554276059
199,199,02824 Rahiye Islands,,Gaziantep,09006,Türkiye,+90568439862
200,200,056 Haliye Court Suite 541,Apt. 693,Gaziantep,12841,Türkiye,+90502704150
201,201,01799 Rayla Plains Apt. 458,,Adana,83647,Türkiye,+90548325885
202,202,3179 Türk Prairie,Apt. 616,Denizli,67831,Türkiye,+90563616866
203,203,5973 Aslan Forge,Apt. 454,İstanbul,22677,Türkiye,+90536136928
204,204,4373 Afife Fords Suite 389,Suite 847,Bursa,33445,Türkiye,+90542915547
205,205,9977 Gözel Cove Apt. 716,,İstanbul,42587,Türkiye,+90503602730
206,206,299 Nezihi Fork Suite 315,,Ankara,91610,Türkiye,+90548678135
207,207,7798 Narhanim Oval Apt. 941,,Mersin,18122,Türkiye,+90501488765
208,208,142 Bilge Drive Suite 827,,Antalya,19320,Türkiye,+90509161385
209,209,32785 Bilgin Glens Suite 290,,Ankara,92309,Türkiye,+90535899567
210,210,927 Fahrullah Streets Apt. 870,,İzmir,89145,Türkiye,+90541698807
211,211,10143 Nürice Center Apt. 932,,Ankara,38355,Türkiye,+90535765922
212,212,5793 Kısakürek Mountain,Apt. 601,Trabzon,87290,Türkiye,+90558188621
213,213,92974 Erdemer Key Apt. 249,,İzmir,09817,Türkiye,+90547651415
214,214,164 Zorlu Dale,,Bursa,50034,Türkiye,+90503829750
215,215,468 Çetin Throughway,,Ankara,93660,Türkiye,+90534003292
216,216,3042 Kenter Well,,Van,74856,Türkiye,+90563796681
217,217,0647 Şama Station Apt. 534,,İzmir,45626,Türkiye,+90502474922
218,218,099 Tınal Plains,,Kocaeli,75280,Türkiye,+90536131657
219,219,845 Henife Ridges,,Bursa,72609,Türkiye,+90530481396
220,220,9323 Karlukhan Ways,,İstanbul,70350,Türkiye,+90542057067
221,221,623 Aykutalp Valley Suite 653,,İstanbul,49404,Türkiye,+90562299349
222,222,002 Sezer Mountain,,Adana,40457,Türkiye,+90504461747
223,223,03582 Akdeniz Oval,,Adana,05882,Türkiye,+90504301464
224,224,22661 Acarkan Glens Apt. 954,,Gaziantep,92988,Türkiye,+90558120395
225,225,106 Aliihsan Lock,,İstanbul,66252,Türkiye,+90559120877
226,226,05938 Çetin Neck,,Eskişehir,82572,Türkiye,+90551461052
227,227,2383 Ertaş Trail Suite 026,Suite 240,İzmir,80220,Türkiye,+90533551884
228,228,30932 Fırat River Apt. 783,,Bursa,65282,Türkiye,+90507639755
229,229,6557 Çamurcuoğlu Loaf Suite 620,,İstanbul,11061,Türkiye,+90556117903
230,230,05189 Feyha Village Apt. 467,,Ankara,63513,Türkiye,+90532813992
231,231,33054 Demir Squares,,Gaziantep,13111,Türkiye,+90563630938
232,232,69888 Hekmet Crossing Apt. 649,,Gaziantep,03437,Türkiye,+90539533948
233,233,823 Güçlü Underpass,Suite 193,İstanbul,53709,Türkiye,+90554768131
234,234,5982 Zorlu Plaza,,Malatya,51557,Türkiye,+90545103241
235,235,54552 Tevetoğlu Plains Apt. 963,,Ankara,51252,Türkiye,+90564507371
236,236,56958 Akça Vista,,Ankara,75447,Türkiye,+90504233643
237,237,11477 Durdu Mountains Suite 808,,Ankara,27940,Türkiye,+90569944034
238,238,3775 Şama Court Suite 658,Apt. 024,Ankara,17574,Türkiye,+90567993133
239,239,511 Şendoğan Drive Apt. 847,,İstanbul,36687,Türkiye,+90538642062
240,240,013 Durmuş Ports Suite 526,,Ankara,58253,Türkiye,+90560165614
241,241,28780 Manço Fort Apt. 126,,Kocaeli,19872,Türkiye,+90544412092
242,242,71755 Yüksel Vista,,İstanbul,72721,Türkiye,+90542642590
243,243,91774 Bilgin Stravenue,,Trabzon,75758,Türkiye,+90565984626
244,244,952 Coşkun Bridge,,İzmir,93896,Türkiye,+90567888772
245,245,64902 Kaşif Bypass Apt. 385,,Mersin,18259,Türkiye,+90561155894
246,246,8385 Şafak Underpass,Apt. 900,Ankara,00614,Türkiye,+90507743348
247,247,8814 Hiçsönmez Crescent Apt. 709,,İstanbul,47852,Türkiye,+90564971244
248,248,19870 Sahil Inlet Apt. 438,,Trabzon,65193,Türkiye,+90506337340
249,249,166 Tarhan Ridges Suite 573,,Adana,09095,Türkiye,+90546685833
250,250,6168 Döner Key,,Ankara,95577,Türkiye,+90547546664
251,251,69618 Korkmazalp Pine Suite 353,,Konya,62066,Türkiye,+90500515146
252,252,034 Dumanlı Hill Apt. 001,Apt. 592,Adana,22023,Türkiye,+90533920143
253,253,418 Gül Springs Apt. 637,Suite 837,İstanbul,92059,Türkiye,+90546890959
254,254,1222 Şensoy Skyway,Apt. 315,Ankara,77464,Türkiye,+90561567221
255,255,683 İhsanoğlu Fork,,Samsun,98758,Türkiye,+90557689522
256,256,75367 Demirbüken Rapids Apt. 128,Suite 839,İstanbul,35856,Türkiye,+90530640378
257,257,3698 Arsoy Bridge Suite 031,,İstanbul,01996,Türkiye,+90565726136
258,258,391 Korutürk Rest Apt. 407,,Konya,57509,Türkiye,+90537383424
259,259,753 Karataş Mission,,İstanbul,37195,Türkiye,+90566865860
260,260,96745 Hançer Ridge,,Ankara,84552,Türkiye,+90558070259
261,261,144 Duran Lodge,,Bursa,95779,Türkiye,+90569994076
262,262,841 Çamok Greens Suite 312,,Ankara,95747,Türkiye,+90543800805
263,263,3254 Öcalan Views,Apt. 902,Bursa,35369,Türkiye,+90502966677
264,264,878 Şendoğan Center Suite 759,,Ankara,45255,Türkiye,+90509302798
265,265,0046 Karadeniz Fort,Suite 762,İzmir,50291,Türkiye,+90545333937
266,266,811 Mujde Track,,Ankara,87797,Türkiye,+90545275851
267,267,156 Sultane Camp,Apt. 575,Konya,51348,Türkiye,+90539104692
268,268,14496 Gürten Park Suite 910,,Malatya,47843,Türkiye,+90538643410
269,269,71775 Demirel Summit Suite 020,,Ankara,58271,Türkiye,+90553039575
270,270,20798 Tevetoğlu Trace Suite 902,Suite 836,Bursa,47696,Türkiye,+90500405782
271,271,6388 Tarhan Estate Apt. 780,,Gaziantep,30207,Türkiye,+90552320159
272,272,126 Selvi Lodge,Apt. 171,İstanbul,76641,Türkiye,+90567976348
273,273,2841 Bilge Mill Apt. 580,,Kocaeli,74911,Türkiye,+90562207576
274,274,89954 Arsoy Forges,,Bursa,62717,Türkiye,+90505766995
275,275,764 Bünyamün Centers,,Kocaeli,88897,Türkiye,+90534142499
276,276,9333 Nihai Course Suite 674,,İstanbul,59547,Türkiye,+90507508849
277,277,0832 Hasgül Brook Apt. 075,Suite 600,Ankara,15198,Türkiye,+90500684933
278,278,815 Demir Cliffs Suite 179,,Malatya,69621,Türkiye,+90509532076
279,279,45876 Büreyre Extension Suite 943,,İstanbul,54360,Türkiye,+90560950593
280,280,34685 Akar Causeway Apt. 038,Apt. 907,Mersin,70183,Türkiye,+90554210156
281,281,65148 Aksu Path,,İzmir,88259,Türkiye,+90536049291
282,282,912 Mülâyim Plaza,,Ankara,82472,Türkiye,+90507139991
283,283,672 Biltaş Skyway Suite 097,Suite 391,Konya,39174,Türkiye,+90536800129
284,284,303 Tarhan Walks Apt. 792,,İzmir,16441,Türkiye,+90558164479
285,285,620 Fırat Knoll Apt. 791,,İstanbul,26423,Türkiye,+90507193693
286,286,440 Erenalp Corner Apt. 212,,İstanbul,42393,Türkiye,+90507288507
287,287,436 Güçlü Valleys,Apt. 726,İstanbul,07160,Türkiye,+90558178000
288,288,273 Kotuz Landing,,İzmir,26035,Türkiye,+90557645415
289,289,791 Tarhan Drives Suite 318,,İzmir,73673,Türkiye,+90565239417
290,290,952 Mansız Spring Apt. 298,,Bursa,21908,Türkiye,+90532414741
291,291,992 Tevetoğlu Bypass Suite 228,Suite 194,İstanbul,01510,Türkiye,+90544975001
292,292,857 Jankat Passage Apt. 649,,İzmir,32787,Türkiye,+90544864379
293,293,92028 Alemdar Vista Suite 899,Apt. 342,Ankara,91029,Türkiye,+90533970751
294,294,27325 Mansız Village,Apt. 856,İzmir,92914,Türkiye,+90533950387
295,295,1595 Ertaş Village Apt. 438,,İstanbul,04964,Türkiye,+90564902711
296,296,6951 Akgündüz Burgs Apt. 251,Suite 478,İstanbul,67717,Türkiye,+90544106564
297,297,84298 Gülkadın Plaza,Apt. 704,İzmir,76366,Türkiye,+90508499268
298,298,145 Saire Trace,,Adana,65534,Türkiye,+90540117997
299,299,27112 Piran Lake,Suite 860,Bursa,34700,Türkiye,+90568951988
300,300,0190 Aşhan Villages,,İzmir,04972,Türkiye,+90530101680
301,301,21136 Tanses Dale,,Kocaeli,41760,Türkiye,+90503730140
302,302,24222 Gülen Rapid,,Ankara,46851,Türkiye,+90505447999
303,303,378 Sezer Shoals,,Konya,52744,Türkiye,+90566843293
304,304,6112 Demir Estate,,İstanbul,16441,Türkiye,+90538130398
305,305,899 Talayer Motorway,Apt. 136,Kocaeli,06132,Türkiye,+90540880789
306,306,62728 Anka Loop,,Malatya,40158,Türkiye,+90556610080
307,307,171 Gülen Mews Suite 505,Apt. 260,İzmir,18642,Türkiye,+90550114245
308,308,02055 Demir Garden Suite 578,Suite 598,Bursa,59790,Türkiye,+90506863754
309,309,35616 Sezgin Valleys,Suite 184,Ankara,19891,Türkiye,+90531420284
310,310,43280 Durdu Ford,Suite 255,Konya,70066,Türkiye,+90507765410
311,311,118 Nebih Underpass,,İstanbul,01044,Türkiye,+90552038360
312,312,7091 Akça Tunnel Apt. 830,,İzmir,57764,Türkiye,+90549256769
313,313,2903 İnönü Walks Apt. 509,,Bursa,62108,Türkiye,+90566543176
314,314,404 Şahat Island,Suite 513,Antalya,90498,Türkiye,+90562780054
315,315,67837 Hançer Road,,İzmir,60243,Türkiye,+90559502705
316,316,343 Zehranur Summit Apt. 132,Apt. 785,Eskişehir,03518,Türkiye,+90507269227
317,317,070 Us Ridges Suite 570,,İstanbul,83140,Türkiye,+90537315367
318,318,20173 Bilge Pines,,Bursa,17096,Türkiye,+90509844072
319,319,89864 Akyıldız Road,Suite 175,İzmir,60753,Türkiye,+90540473039
320,320,21599 Yorulmaz Viaduct Apt. 825,,İstanbul,48082,Türkiye,+90538819217
321,321,68169 Duha Burg,,Bursa,91931,Türkiye,+90530249285
322,322,21055 Alemdar Passage,,İzmir,45801,Türkiye,+90561878432
323,323,15169 Türk Villages Apt. 143,Apt. 845,İstanbul,39554,Türkiye,+90506456953
324,324,26857 Aksu Viaduct Suite 883,Apt. 948,İzmir,74556,Türkiye,+90537265359
325,325,22644 Erdoğan Underpass Suite 822,Apt. 048,Bursa,37466,Türkiye,+90551810333
326,326,26397 Ginyas Cove Suite 686,Suite 791,Antalya,95093,Türkiye,+90539735536
327,327,376 Konguralp Glens Apt. 821,,Adana,79286,Türkiye,+90507915798
328,328,7408 Duran Trace,,Antalya,23041,Türkiye,+90555588448
329,329,7686 Şensoy Mission,,İstanbul,08319,Türkiye,+90547607375
330,330,7579 Mübetcel Curve,Suite 686,İzmir,96180,Türkiye,+90537440863
331,331,0483 Soylu Falls,,Antalya,76038,Türkiye,+90562071902
332,332,3042 Alaaddin Place,,Ankara,71895,Türkiye,+90564156537
333,333,511 Sezgin Centers,Apt. 700,İstanbul,42430,Türkiye,+90531056560
334,334,5955 Sezgin Meadow Apt. 895,,Ankara,11646,Türkiye,+90553020534
335,335,2702 Nabil Roads,Suite 605,Konya,51191,Türkiye,+90534154443
336,336,540 Akar Green Suite 133,,Ankara,81806,Türkiye,+90549664777
337,337,8352 Ülker Fork,Suite 618,Gaziantep,34054,Türkiye,+90501263786
338,338,173 Yorulmaz Hill,Suite 723,Antalya,55613,Türkiye,+90547657634
339,339,7745 Ayasun Shoal,Apt. 470,Adana,18490,Türkiye,+90531219328
340,340,96135 Güçlü Inlet,Suite 937,Bursa,35211,Türkiye,+90500758789
341,341,8485 Durdu Roads,Apt. 033,Bursa,77526,Türkiye,+90554669449
342,342,008 Durdu Heights,,İstanbul,25964,Türkiye,+90543662888
343,343,999 Bilgütay Rue Suite 998,,Ankara,82736,Türkiye,+90567433403
344,344,9472 Tarhan Parkways Apt. 105,,İstanbul,80514,Türkiye,+90568736657
345,345,66502 Cuheyna Forest Suite 110,,İstanbul,63741,Türkiye,+90539852140
346,346,012 Durmuş Manor Apt. 811,,İzmir,05857,Türkiye,+90509566394
347,347,297 Arıel Village,Suite 851,İstanbul,28366,Türkiye,+90565201154
348,348,7021 Yıldırım Field,,İstanbul,97300,Türkiye,+90536644866
349,349,833 Erdoğan Place Apt. 461,,Denizli,56757,Türkiye,+90500659764
350,350,287 Demirel Road,Apt. 957,Antalya,36603,Türkiye,+90542099670
351,351,8308 Çamurcuoğlu Junctions,,İstanbul,96176,Türkiye,+90509489724
352,352,31666 Kınel Orchard Suite 347,,İstanbul,60837,Türkiye,+90566801302
353,353,870 Bilir Canyon,Suite 479,İzmir,20368,Türkiye,+90563235702
354,354,540 Barsen Estates,,Ankara,32085,Türkiye,+90545382016
355,355,44362 Şüküfe Cove Suite 700,,İstanbul,79141,Türkiye,+90561925777
356,356,0179 Kısakürek Radial,,Mersin,26499,Türkiye,+90503925245
357,357,8911 Sakarya Glen,,Gaziantep,42243,Türkiye,+90557239213
358,358,283 Çamurcuoğlu Centers Suite 170,,İzmir,34718,Türkiye,+90550205314
359,359,120 Çetin Green Apt. 745,,Eskişehir,56100,Türkiye,+90560863053
360,360,08756 Orçin Crest,,Malatya,18539,Türkiye,+90550700821
361,361,29443 Koray Crest Suite 646,,Antalya,56399,Türkiye,+90536904150
362,362,398 Barışcan Spur,,Antalya,72412,Türkiye,+90537811726
363,363,6605 Sefer Summit,,Mersin,04143,Türkiye,+90508072026
364,364,072 Teber Turnpike,,Konya,47605,Türkiye,+90563754549
365,365,7351 Erdoğan Ridge Suite 223,,Ankara,24677,Türkiye,+90552467717
366,366,0750 Türk Shoal,Apt. 552,Denizli,72123,Türkiye,+90534434146
367,367,2066 Sadiye Oval Suite 356,Apt. 292,Konya,79314,Türkiye,+90540266817
368,368,86370 Bilge Heights Suite 269,,Antalya,06274,Türkiye,+90508364008
369,369,004 Durdu Roads,,Eskişehir,90535,Türkiye,+90503658317
370,370,66897 Çorlu Radial,,Van,46628,Türkiye,+90554265980
371,371,368 Yüksel Roads,Suite 042,İzmir,66708,Türkiye,+90538279035
372,372,1221 Us Station,Suite 655,İstanbul,90137,Türkiye,+90501731283
373,373,80483 Henife View Suite 843,Suite 415,Bursa,99890,Türkiye,+90539179415
374,374,589 Semrin Mills,,Trabzon,79123,Türkiye,+90501853699
375,375,934 Danış Roads Apt. 835,,İstanbul,89420,Türkiye,+90567018822
376,376,5740 Akar Corner,,İstanbul,69533,Türkiye,+90531145991
377,377,43062 Ergül Manor,Apt. 533,Adana,93446,Türkiye,+90504352193
378,378,928 Dumanlı Squares Apt. 023,Apt. 477,Bursa,87209,Türkiye,+90551385798
379,379,580 Sezer Ridge,Suite 786,İstanbul,68307,Türkiye,+90567036098
380,380,0146 Efe Freeway,,İstanbul,17950,Türkiye,+90567010003
381,381,92966 Akçay Cape Apt. 445,,İstanbul,52973,Türkiye,+90535661843
382,382,2372 Kısakürek Hill,,Ankara,04888,Türkiye,+90555841793
383,383,5355 Güçlü Forges Suite 917,Apt. 997,İstanbul,13351,Türkiye,+90508760396
384,384,70831 Nafile Isle,Suite 272,İstanbul,28115,Türkiye,+90530628198
385,385,3321 Miray Gateway,Suite 659,Ankara,56013,Türkiye,+90553182635
386,386,97730 Müveddet Ford,Suite 285,Ankara,93748,Türkiye,+90539545837
387,387,2323 Tevetoğlu Square Suite 957,Apt. 554,İstanbul,18029,Türkiye,+90555821410
388,388,020 Akver Turnpike Suite 592,,İzmir,89731,Türkiye,+90542588113
389,389,854 Akçay Meadows,Apt. 265,Bursa,77621,Türkiye,+90556313433
390,390,374 Öcalan Avenue Apt. 766,Suite 982,Bursa,21379,Türkiye,+90566981216
391,391,174 Sabır Harbors,,İstanbul,94652,Türkiye,+90508903126
392,392,5044 Sevginur Lights Apt. 863,Suite 283,İzmir,09422,Türkiye,+90536201809
393,393,4269 Korutürk Fall,,İstanbul,65533,Türkiye,+90531093290
394,394,515 Güldünya Burgs,,Ankara,43943,Türkiye,+90542779586
395,395,336 Yurtgüven Ramp,Apt. 340,İzmir,20291,Türkiye,+90534583476
396,396,6079 Şafak Forge,Suite 562,Ankara,88976,Türkiye,+90532465678
397,397,8093 Şensoy Village Suite 969,,İstanbul,35534,Türkiye,+90567375558
398,398,7510 Güçlü Crest,,Konya,28850,Türkiye,+90555620632
399,399,277 Macide Shoal Suite 483,,Trabzon,87032,Türkiye,+90566767921
400,400,597 Demirel Glens Apt. 510,,Ankara,63772,Türkiye,+90540417511
401,401,26660 Binay Expressway Suite 971,,İzmir,19524,Türkiye,+90502841792
402,402,24112 Bilgin Shoals Apt. 314,,İstanbul,12239,Türkiye,+90555654880
403,403,999 Kısakürek Fort,,Denizli,60284,Türkiye,+90547926810
404,404,027 Kısakürek Groves Apt. 056,Apt. 590,İstanbul,52407,Türkiye,+90532542402
405,405,64349 Yargı Knolls,,İstanbul,62206,Türkiye,+90530651627
406,406,32799 Beren Crossroad Apt. 052,Suite 916,İstanbul,97681,Türkiye,+90550456891
407,407,4378 Yıldırım Route,Suite 015,Gaziantep,56066,Türkiye,+90567323222
408,408,2712 Akgündüz Square,,İstanbul,43568,Türkiye,+90507758383
409,409,200 Ceyhun Curve Apt. 672,,İzmir,54037,Türkiye,+90549866295
410,410,8826 Şekim Hill,Apt. 855,Konya,76455,Türkiye,+90501365379
411,411,88790 Akçay Views Apt. 704,,İstanbul,72642,Türkiye,+90562512667
412,412,42366 Güçlü Crescent,,Ankara,70166,Türkiye,+90542946272
413,413,1875 Hançer Street,Suite 155,Ankara,59381,Türkiye,+90562263016
414,414,76961 Seçgül Ferry Apt. 510,,İzmir,88222,Türkiye,+90567650342
415,415,36600 Akça Hill Apt. 318,,İstanbul,30579,Türkiye,+90532293721
416,416,71133 Yüksel Port Suite 595,,İstanbul,82471,Türkiye,+90508378300
417,417,1867 Fırat Mountain,Apt. 625,Samsun,15516,Türkiye,+90508624688
418,418,3532 Ginyas Shoals Apt. 902,,Trabzon,38483,Türkiye,+90548413973
419,419,70114 Akça Turnpike,,Denizli,92810,Türkiye,+90543327599
420,420,7280 Yorulmaz Isle,,Denizli,28361,Türkiye,+90565851836
421,421,164 Şensoy River Apt. 757,,Ankara,46437,Türkiye,+90502415887
422,422,5322 Züfer Way,,İstanbul,73996,Türkiye,+90564271605
423,423,62234 Manço Fort,Apt. 799,İstanbul,01710,Türkiye,+90532335884
424,424,149 Gülözge Ferry,,İstanbul,04636,Türkiye,+90532779578
425,425,02029 Hurican Fields,Apt. 921,Denizli,63276,Türkiye,+90547475853
426,426,519 Arsoy Center Apt. 768,,İzmir,17405,Türkiye,+90551885109
427,427,0971 Sabır Springs,,Ankara,32650,Türkiye,+90555879010
428,428,50976 Erdoğan Knoll,,Van,19215,Türkiye,+90531970755
429,429,406 Yaman Springs,Suite 947,İzmir,31726,Türkiye,+90531919160
430,430,1258 Sakarya Plain,,Bursa,18536,Türkiye,+90538358364
431,431,788 Aykutalp Mount,,İstanbul,13230,Türkiye,+90542029174
432,432,85658 Çorlu Mews,Suite 386,Ankara,60549,Türkiye,+90540156466
433,433,35264 Kısakürek Prairie,,İzmir,97290,Türkiye,+90502853194
434,434,3914 Cantez Field,,Ankara,52176,Türkiye,+90543022215
435,435,81317 Şafak Place Apt. 854,Suite 666,İstanbul,11048,Türkiye,+90557485180
436,436,022 Yazganalp Alley,,Bursa,60800,Türkiye,+90508905095
437,437,03706 Şafak Drive,Apt. 763,Kocaeli,40684,Türkiye,+90507472223
438,438,75195 Serezli Mission,,İstanbul,06667,Türkiye,+90506454620
439,439,4592 Miray Fords Apt. 603,,Eskişehir,28063,Türkiye,+90504275628
440,440,1489 Tevetoğlu Course Apt. 099,Apt. 845,İzmir,83001,Türkiye,+90509811487
441,441,5493 Sakarya Dam Suite 699,,İstanbul,51093,Türkiye,+90549506953
442,442,532 Zorlu Coves,,İstanbul,61678,Türkiye,+90505503438
443,443,617 Aslan Lodge Suite 075,Apt. 888,İstanbul,58359,Türkiye,+90502109639
444,444,19985 Soylu Village Apt. 189,,İzmir,33725,Türkiye,+90562912992
445,445,17568 Hümeyra Meadows,,Trabzon,14206,Türkiye,+90543123057
446,446,93085 Yurtseven Forest,,Adana,26611,Türkiye,+90502727392
447,447,793 Göli Inlet Apt. 963,,Ankara,73355,Türkiye,+90558909703
448,448,3512 Ergül Spur Suite 255,,Ankara,85590,Türkiye,+90565107141
449,449,2582 Sedife Groves Apt. 621,,Adana,72698,Türkiye,+90568517554
450,450,19378 Manço Centers,,Ankara,06982,Türkiye,+90542641740
451,451,83402 Yıldırım Circle Suite 819,,Ankara,41244,Türkiye,+90540110231
452,452,03879 Karadeniz Springs,,Konya,01534,Türkiye,+90566900851
453,453,4947 Begim Road Apt. 013,,Antalya,52851,Türkiye,+90535296943
454,454,058 Ahsen Port,Suite 737,Ankara,73650,Türkiye,+90568860328
455,455,4034 Göknur Center Suite 925,,İstanbul,47086,Türkiye,+90558825474
456,456,45214 Kavurt Isle Apt. 828,,İstanbul,99912,Türkiye,+90556791554
457,457,34723 Servinaz Cliff,,Ankara,11720,Türkiye,+90534474818
458,458,96541 Soylu Pines,,Ankara,68058,Türkiye,+90566017630
459,459,5351 Fırat Trafficway,,İstanbul,55734,Türkiye,+90509004554
460,460,11567 İhsanoğlu Walks Apt. 415,Suite 214,Malatya,37213,Türkiye,+90533653625
461,461,059 Yıldırım Bridge Suite 622,,İstanbul,67381,Türkiye,+90506247696
462,462,90487 Boynak Ramp,Suite 645,Bursa,65534,Türkiye,+90503572037
463,463,8493 Karadeniz Drive,,Malatya,46410,Türkiye,+90544790939
464,464,7771 Ürper Manor Apt. 948,Suite 018,Eskişehir,19333,Türkiye,+90542006071
465,465,06590 Işıkay Turnpike,,Konya,93803,Türkiye,+90543870083
466,466,101 Aksu Villages Apt. 504,,İstanbul,79683,Türkiye,+90503078426
467,467,4833 Demir Shoals Suite 138,,Samsun,00959,Türkiye,+90544612410
468,468,63734 Çamurcuoğlu Locks Suite 632,Apt. 613,İstanbul,37907,Türkiye,+90545909267
469,469,1621 Sezer Harbors,,Samsun,87943,Türkiye,+90503784646
470,470,3650 Bellisan Parkways,,Samsun,02790,Türkiye,+90534964841
471,471,986 Karadeniz Walks,Suite 941,Trabzon,90244,Türkiye,+90502646696
472,472,419 Nurbanu Rapid,,Ankara,96665,Türkiye,+90540557976
473,473,6610 Dilcan Coves Apt. 844,,Konya,16419,Türkiye,+90559626316
474,474,5619 Maksüde Valleys Apt. 828,Suite 188,Denizli,90892,Türkiye,+90565161644
475,475,45545 Güldam Curve,,Adana,31502,Türkiye,+90546448057
476,476,81968 Abdulgazi Village Suite 082,Apt. 081,Antalya,91238,Türkiye,+90540421371
477,477,45827 Vildane Harbor Suite 575,Suite 753,İstanbul,00765,Türkiye,+90508288868
478,478,38891 Tümer Lake Suite 815,Apt. 153,Adana,32181,Türkiye,+90560204116
479,479,69348 Halidun Harbor,,Gaziantep,03552,Türkiye,+90506585945
480,480,3248 Akçay Squares,Apt. 436,İstanbul,74634,Türkiye,+90553060981
481,481,36994 Akdeniz Park,,Samsun,98484,Türkiye,+90567163780
482,482,7960 Münif Dam Apt. 598,,Bursa,74717,Türkiye,+90555927283
483,483,10329 Salurbay Greens Apt. 008,,Bursa,85482,Türkiye,+90546473318
484,484,3033 Soylu Stream,,İstanbul,70530,Türkiye,+90542985839
485,485,35916 Manço Unions,Apt. 420,İstanbul,19322,Türkiye,+90569763195
486,486,7334 Ushan Villages Apt. 154,Apt. 213,Bursa,18269,Türkiye,+90550147213
487,487,593 İşcan Curve Suite 379,,İzmir,26780,Türkiye,+90555311688
488,488,288 Duran Flat Apt. 511,,Ankara,28274,Türkiye,+90539484854
489,489,12260 Yıldırım Drive Apt. 041,,İstanbul,25461,Türkiye,+90506802613
490,490,1506 Çetin Stream,,İstanbul,01944,Türkiye,+90551835616
491,491,2222 Tınal Points Apt. 498,Apt. 591,İzmir,69278,Türkiye,+90568580100
492,492,645 Seven Street Suite 472,Apt. 148,Konya,62874,Türkiye,+90557604324
493,493,59829 Aybora Squares Apt. 928,,Bursa,70534,Türkiye,+90552225011
494,494,300 Şafak Knolls,Apt. 441,İzmir,37341,Türkiye,+90532265306
495,495,810 Demir Summit,,İzmir,87076,Türkiye,+90567919840
496,496,147 Koncagül Highway Suite 410,,İstanbul,54199,Türkiye,+90558051099
497,497,81904 Arsoy Light Apt. 110,,İzmir,94182,Türkiye,+90504379929
498,498,562 Altınçiçek Common Suite 135,,Antalya,26786,Türkiye,+90507625204
499,499,75917 Zorlu Villages,,Adana,84817,Türkiye,+90560275500
500,500,237 Yılmaz Park Apt. 538,Apt. 220,Ankara,22099,Türkiye,+90530718671
501,501,34167 Adıgün Dam Suite 666,,Antalya,50788,Türkiye,+90534909883
502,502,7239 Yüksel Drive Suite 522,,İstanbul,67281,Türkiye,+90568564256
503,503,04215 Durmuş Rapid,,İstanbul,98818,Türkiye,+90556142340
504,504,01937 Taylak Landing Suite 225,Apt. 932,Bursa,86944,Türkiye,+90539726285
505,505,195 Vahittin Cliffs Suite 514,,Bursa,06967,Türkiye,+90547859352
506,506,442 Torhan Manors Apt. 585,,Ankara,60986,Türkiye,+90538160597
507,507,969 Sakarya Shoal,Suite 374,Malatya,16331,Türkiye,+90538586068
508,508,53181 Şener Drives Apt. 702,,Antalya,84530,Türkiye,+90566779029
509,509,733 Kısakürek Path,,İzmir,72454,Türkiye,+90541486674
510,510,91378 Möhsim Prairie,,İstanbul,29460,Türkiye,+90559625794
511,511,2702 Denkel Centers,,Trabzon,35264,Türkiye,+90503479661
512,512,798 Özüdoğru Canyon Suite 950,Apt. 238,İstanbul,35282,Türkiye,+90531781951
513,513,4053 Aşir Overpass,Suite 226,Ankara,85795,Türkiye,+90567175158
514,514,99841 Arslan Route Suite 312,,İzmir,98866,Türkiye,+90544369166
515,515,8496 Bilir Ranch Suite 426,,Adana,12063,Türkiye,+90548554852
516,516,06715 Över Square Suite 053,Suite 682,Konya,56174,Türkiye,+90559198309
517,517,97134 Çamurcuoğlu Village,,İstanbul,40339,Türkiye,+90534495106
518,518,571 Gülbani Lakes,Apt. 344,Konya,94579,Türkiye,+90536837504
519,519,6886 Özlem Curve,,Adana,40995,Türkiye,+90541931468
520,520,4280 Fırat Burg,,Ankara,85973,Türkiye,+90566326070
521,521,36044 Görsev Avenue Suite 282,Suite 441,Gaziantep,04445,Türkiye,+90543628176
522,522,96223 Bilir Ramp Apt. 245,,Bursa,92232,Türkiye,+90548255764
523,523,18680 İhsanoğlu Avenue,,İstanbul,12067,Türkiye,+90554283085
524,524,89447 Feryas Mountain Apt. 870,,İstanbul,46209,Türkiye,+90530620811
525,525,2874 Ergül Viaduct,,Eskişehir,49261,Türkiye,+90560458062
526,526,0161 Demirel Ports,,Antalya,20719,Türkiye,+90561284706
527,527,8670 Avunç Mount Apt. 144,,İstanbul,28304,Türkiye,+90543240482
528,528,91261 Okyalaz Estate Suite 642,,İzmir,53893,Türkiye,+90540591782
529,529,4503 Yılmaz Cliffs,,Ankara,13881,Türkiye,+90533854835
530,530,41097 Sezer Ville Apt. 930,,Ankara,54727,Türkiye,+90549607462
531,531,2682 Karadeniz Passage Apt. 514,,Bursa,72949,Türkiye,+90507286023
532,532,3631 Yaman Crossing Suite 847,,Gaziantep,21099,Türkiye,+90502677920
533,533,251 Zeynelabidin Mountain Suite 237,,Ankara,14390,Türkiye,+90557538047
534,534,189 Safura Row Apt. 590,Suite 837,Kocaeli,38571,Türkiye,+90507955912
535,535,37935 Seblâ Common,,İstanbul,52319,Türkiye,+90537984957
536,536,274 Yılmaz Passage,,Samsun,92740,Türkiye,+90563288000
537,537,461 Güzey Rue Suite 170,,Gaziantep,23317,Türkiye,+90503409822
538,538,6348 Mansız Shore,Suite 022,İstanbul,99896,Türkiye,+90545219109
539,539,7968 Açılay Path Suite 452,,Bursa,24152,Türkiye,+90565332313
540,540,679 Ertaş Creek,,Adana,54515,Türkiye,+90530544176
541,541,58680 Hasgül Field Suite 403,,Bursa,70574,Türkiye,+90544078396
542,542,4829 Korutürk Haven,Suite 027,Kocaeli,35812,Türkiye,+90539620770
543,543,237 Gülüs Meadow Apt. 151,,Eskişehir,53228,Türkiye,+90567108737
544,544,7921 Hükümdar Corners,,Mersin,07127,Türkiye,+90568521201
545,545,3658 Ulu Shoals,,Malatya,58088,Türkiye,+90546314152
546,546,227 Seçgül Trace Apt. 312,Suite 321,Mersin,48899,Türkiye,+90545584232
547,547,02606 Güldünya Squares Suite 482,Suite 509,Bursa,24807,Türkiye,+90552153763
548,548,2470 Nursim Corners,Apt. 875,Antalya,75158,Türkiye,+90541659914
549,549,6080 Durdu Lights,,Ankara,39080,Türkiye,+90547370260
550,550,7596 Akdeniz Divide,,İzmir,98982,Türkiye,+90500189878
551,551,2459 Yunt Passage Suite 451,Suite 633,Van,86145,Türkiye,+90556028377
552,552,991 Çeviköz Stream Suite 633,Suite 462,İzmir,60643,Türkiye,+90565455496
553,553,904 Nakip Ports,,İstanbul,80576,Türkiye,+90549025003
554,554,1929 Güçlü Plains Apt. 844,Apt. 634,Kocaeli,84337,Türkiye,+90509258184
555,555,5470 Bilge Ways,,İstanbul,60851,Türkiye,+90544427659
556,556,470 Eflâtun Square,,Ankara,96005,Türkiye,+90540184941
557,557,73328 Uzsoy Land,,Eskişehir,37649,Türkiye,+90554061091
558,558,21917 Enes Manors Suite 550,,Eskişehir,45164,Türkiye,+90554571759
559,559,61976 Müferrih Flat,,İstanbul,28333,Türkiye,+90542333948
560,560,150 Sezal Unions,,Adana,77857,Türkiye,+90534881677
561,561,09968 Sudi Isle Apt. 383,,Van,07399,Türkiye,+90508033688
562,562,87751 Nasuf Plains Suite 537,,Bursa,83809,Türkiye,+90509508314
563,563,3970 Şafak Road,,İstanbul,44731,Türkiye,+90565231821
564,564,38483 Gülen Ranch Apt. 474,Suite 945,İzmir,91371,Türkiye,+90552155271
565,565,1449 Tansev Field Suite 899,,Samsun,79277,Türkiye,+90504941989
566,566,913 Yurtseven Rapids Apt. 523,Suite 937,Ankara,15740,Türkiye,+90536902538
567,567,4610 Gürelcem Place Suite 686,Suite 207,İstanbul,97134,Türkiye,+90547819002
568,568,0906 İnönü Neck Apt. 091,,Antalya,43995,Türkiye,+90565110186
569,569,03028 Türk Heights,Apt. 234,İzmir,30517,Türkiye,+90557893212
570,570,779 Alemdar Viaduct,,Ankara,49436,Türkiye,+90530891211
571,571,82669 Yaman Walks,,İstanbul,58948,Türkiye,+90552467468
572,572,133 Otay Freeway Suite 629,,İstanbul,20315,Türkiye,+90565721479
573,573,96728 Kandef Ports Suite 344,,İstanbul,21620,Türkiye,+90508102438
574,574,3423 Sakarya Crossing Suite 309,,İstanbul,99589,Türkiye,+90541797544
575,575,719 Çorlu Passage,Suite 858,İstanbul,00530,Türkiye,+90531980230
576,576,406 Bünyamün Keys Suite 209,,İzmir,37124,Türkiye,+90554378348
577,577,69478 Egenur Walks Suite 765,Suite 773,Adana,88618,Türkiye,+90569452880
578,578,6434 Karadeniz Roads Apt. 266,,İstanbul,86250,Türkiye,+90533635027
579,579,297 Cevale Vista Apt. 371,,İzmir,60871,Türkiye,+90542175406
580,580,06010 Bahaddin Pike Apt. 707,Suite 911,Bursa,88866,Türkiye,+90551373802
581,581,58333 Karadeniz Mountain Suite 068,,Antalya,42023,Türkiye,+90538464208
582,582,33917 Çevregül Parkway Suite 019,,Ankara,10597,Türkiye,+90555679654
583,583,729 Arsoy Cape Suite 526,,İstanbul,54698,Türkiye,+90558329039
584,584,54256 Muhyettin Underpass,,İstanbul,07209,Türkiye,+90507431981
585,585,16440 Çamurcuoğlu Light,,İstanbul,10224,Türkiye,+90544272333
586,586,794 Hakikat Station,,İstanbul,96937,Türkiye,+90504167844
587,587,600 Serol Mountains,,İstanbul,28446,Türkiye,+90552339861
588,588,15988 Şensoy Trail,Suite 671,İzmir,06054,Türkiye,+90563155437
589,589,4529 Çetin Summit,,Samsun,65255,Türkiye,+90504869302
590,590,72633 Alemdar Well Apt. 787,,İstanbul,06151,Türkiye,+90505634734
591,591,89531 Hazine Corners,,Mersin,52645,Türkiye,+90537019418
592,592,26650 Mehrigül Unions,Suite 474,İstanbul,34277,Türkiye,+90553674625
593,593,7019 Korutürk Valley Apt. 701,,İzmir,64183,Türkiye,+90531550586
594,594,6692 İnönü Garden,,Kocaeli,16288,Türkiye,+90565584990
595,595,975 Vildane Centers Apt. 068,Suite 009,İzmir,33269,Türkiye,+90558223518
596,596,3180 Zengin Crest,Suite 407,İstanbul,32353,Türkiye,+90530152810
597,597,43127 Müferrih Spring Suite 734,Apt. 857,Kocaeli,86195,Türkiye,+90547331714
598,598,1369 Bilgin Lake,,Ankara,76829,Türkiye,+90547215693
599,599,37627 Akçay Burg Apt. 229,,Konya,99903,Türkiye,+90560552345
600,600,9798 Şener Junction Apt. 308,Suite 368,İstanbul,67499,Türkiye,+90562313075
601,601,25422 Hayrioğlu Mews,Suite 328,Adana,40541,Türkiye,+90533776329
602,602,469 Noman Parkway,,İstanbul,27736,Türkiye,+90507055998
603,603,66968 İhsan Plaza,,Trabzon,45425,Türkiye,+90546436605
604,604,84226 Aksu Shoal Suite 125,,İstanbul,68034,Türkiye,+90557895170
605,605,571 Torhan Glens Apt. 272,,Eskişehir,00635,Türkiye,+90531788070
606,606,15707 Şanlı Grove,Suite 421,İstanbul,18843,Türkiye,+90550317415
607,607,5093 Çağlar Crest,,Ankara,51253,Türkiye,+90545203766
608,608,76409 Zorlu Trail,Suite 871,İstanbul,65210,Türkiye,+90550030116
609,609,099 Şensoy Roads Suite 211,,İzmir,24730,Türkiye,+90549949786
610,610,8924 Durdu Square,,İstanbul,70011,Türkiye,+90559761992
611,611,3777 Mutluhan Cliffs Apt. 834,,İzmir,11102,Türkiye,+90557968149
612,612,032 Arıpınar Mountains Apt. 866,,Eskişehir,31984,Türkiye,+90546976033
613,613,6293 Şensoy Knolls,,Malatya,03884,Türkiye,+90550851895
614,614,542 Akçay Islands Apt. 938,,İstanbul,74563,Türkiye,+90554101629
615,615,39478 Eraslan Lodge Apt. 277,,Ankara,18569,Türkiye,+90562487545
616,616,4014 Akça Freeway,Suite 846,Trabzon,04381,Türkiye,+90556642116
617,617,458 Kübran Overpass,,İzmir,85924,Türkiye,+90550017175
618,618,0754 Korutürk Orchard Suite 630,,İstanbul,27364,Türkiye,+90557336836
619,619,411 Sezer Forge Apt. 812,,İzmir,89469,Türkiye,+90550966811
620,620,002 Akça Plain,Apt. 365,Kocaeli,97756,Türkiye,+90539161858
621,621,1683 Korutürk Way,,Adana,02019,Türkiye,+90564321902
622,622,3942 Manço Walk,,Kocaeli,27598,Türkiye,+90538356466
623,623,43268 Şama Points,,Ankara,67451,Türkiye,+90542903392
624,624,831 Sezgin Plain,,İstanbul,21064,Türkiye,+90554203411
625,625,16956 Şali Forks Apt. 121,,Ankara,49574,Türkiye,+90505984964
626,626,91549 Şensoy Green Suite 482,,Bursa,58267,Türkiye,+90504516816
627,627,348 Denizalp Forge Suite 515,,İzmir,58951,Türkiye,+90503117662
628,628,799 Akdeniz Court,,İstanbul,04423,Türkiye,+90554743332
629,629,782 Zelha Fields Apt. 702,,Antalya,74886,Türkiye,+90533819661
630,630,44484 Toker Courts,,Mersin,33426,Türkiye,+90551015199
631,631,5147 Zengin Glen Suite 434,,İzmir,54600,Türkiye,+90551720544
632,632,06738 Manço Islands Suite 461,,İstanbul,56772,Türkiye,+90541774950
633,633,13080 Akar Rapid Suite 084,,İstanbul,21540,Türkiye,+90566651361
634,634,274 Manço Court,,İstanbul,87714,Türkiye,+90548147358
635,635,31760 Erdoğan Burg,Suite 940,İstanbul,97058,Türkiye,+90549403064
636,636,33238 Ertaş Flat,,Konya,22481,Türkiye,+90555974738
637,637,1153 Talayer Highway,,Konya,86918,Türkiye,+90568436999
638,638,316 Güçlü Valley Apt. 679,,Gaziantep,68658,Türkiye,+90540867216
639,639,93771 Gülel Courts Suite 114,,İstanbul,46232,Türkiye,+90540404452
640,640,8690 Müjde Circle,Suite 812,İzmir,10613,Türkiye,+90503970917
641,641,348 Güçlü Ranch Suite 685,,Bursa,66917,Türkiye,+90509650801
642,642,0019 Eraslan Village,,Gaziantep,88601,Türkiye,+90539524713
643,643,6867 Gülen Street Suite 159,,Konya,98442,Türkiye,+90500467336
644,644,351 Tarhan Crescent Suite 625,,Bursa,39061,Türkiye,+90531122480
645,645,5930 Akça Ports Apt. 071,Suite 598,Adana,15461,Türkiye,+90551564601
646,646,1492 Kumral Mountains Suite 316,,Adana,13922,Türkiye,+90506570946
647,647,4969 Yüksel Glens Apt. 559,,Ankara,39731,Türkiye,+90554715559
648,648,8313 Ülker Terrace Suite 080,,İzmir,18708,Türkiye,+90541355539
649,649,73415 Aköz Circle,Suite 233,Eskişehir,24232,Türkiye,+90539794038
650,650,07448 Aksu Manors Apt. 834,Suite 773,İstanbul,89778,Türkiye,+90546093229
651,651,794 Sezgin Terrace Suite 389,,Ankara,54098,Türkiye,+90534591876
652,652,378 Edaviye Port Suite 016,Suite 235,Bursa,05090,Türkiye,+90507431201
653,653,748 Arsoy Crossroad Apt. 982,,Antalya,65154,Türkiye,+90539719862
654,654,790 Dincer Junctions,,Bursa,98601,Türkiye,+90508427249
655,655,225 Duran Tunnel Apt. 146,,İstanbul,92250,Türkiye,+90557447628
656,656,720 Tutkucan Pines,Apt. 104,Adana,97395,Türkiye,+90560101903
657,657,5153 Emrullah Hollow,,Konya,37319,Türkiye,+90505132751
658,658,97932 Arziye Overpass Suite 072,Apt. 369,Malatya,43538,Türkiye,+90543100021
659,659,391 Demir Drive Suite 194,Apt. 391,Bursa,98334,Türkiye,+90541313804
660,660,51441 Yıldırım Bypass Suite 321,,Denizli,35039,Türkiye,+90557803154
661,661,063 Melihcan Center Apt. 253,,İstanbul,26095,Türkiye,+90550490961
662,662,71582 Zorlu Road,,Adana,51345,Türkiye,+90550820217
663,663,7046 Selcen Parkway Apt. 964,,Ankara,70264,Türkiye,+90547404476
664,664,291 Soyselçuk Creek Suite 801,,Ankara,71605,Türkiye,+90553046795
665,665,441 Kutgün Run,,Konya,84224,Türkiye,+90551589943
666,666,84686 Çamurcuoğlu Crossing Suite 414,,Ankara,46445,Türkiye,+90550419588
667,667,403 Gülçe Ville,Suite 709,Ankara,44859,Türkiye,+90506588758
668,668,828 Ergül Place Suite 782,Suite 101,Denizli,79614,Türkiye,+90554409674
669,669,6139 Mansız Track Suite 707,Suite 831,Antalya,78763,Türkiye,+90546559739
670,670,925 Behiza Curve Suite 575,Apt. 093,İzmir,71295,Türkiye,+90532657903
671,671,529 Turgut Street Suite 666,,İstanbul,63815,Türkiye,+90540083107
672,672,440 Çorlu Lights,,İstanbul,61171,Türkiye,+90563761108
673,673,804 Zengin Groves Suite 178,Suite 643,Eskişehir,63846,Türkiye,+90541255796
674,674,3456 İlteriş Crest,Apt. 925,İstanbul,49823,Türkiye,+90543029567
675,675,89628 Hekime Vista Apt. 433,,Eskişehir,74303,Türkiye,+90539939607
676,676,3968 Arsoy Road,,Adana,06114,Türkiye,+90552230354
677,677,28435 Yılmaz Village Suite 795,,Malatya,18820,Türkiye,+90546580374
678,678,0470 Mefarettin Plaza Apt. 385,,Bursa,98565,Türkiye,+90564556377
679,679,41533 Hanim Square,,İstanbul,83896,Türkiye,+90509115629
680,680,23303 Bilir Villages Suite 749,,Ankara,75964,Türkiye,+90505980321
681,681,6270 Taygan Prairie Apt. 891,,İzmir,07327,Türkiye,+90569707479
682,682,7317 Nural Loop,,Ankara,70653,Türkiye,+90554891298
683,683,46012 Durmuş Junction Suite 964,,İstanbul,16652,Türkiye,+90546832315
684,684,756 Alemdar Highway Apt. 125,,Gaziantep,54269,Türkiye,+90503449058
685,685,3078 Arsoy Knoll,,İzmir,51984,Türkiye,+90507211607
686,686,99048 Zorlu Parks Apt. 914,,Ankara,31716,Türkiye,+90560632269
687,687,66540 Arsoy Valley Apt. 824,,Bursa,76006,Türkiye,+90532394848
688,688,419 Baturay Isle Suite 759,,Ankara,17187,Türkiye,+90537247183
689,689,8808 Özbilek Isle Apt. 257,,İstanbul,09328,Türkiye,+90560759128
690,690,9268 Bağdaş Knoll,Apt. 116,Samsun,25658,Türkiye,+90537320009
691,691,8160 Tarhan Gateway,Apt. 121,Mersin,68830,Türkiye,+90500035592
692,692,859 Aksu Burgs,,İstanbul,70622,Türkiye,+90554007915
693,693,1640 Çamurcuoğlu Cape Apt. 491,Apt. 145,Trabzon,97562,Türkiye,+90507402255
694,694,302 Algış Brooks,,Denizli,92153,Türkiye,+90568135430
695,695,55197 Selcen Forge,,İstanbul,79113,Türkiye,+90505999253
696,696,46544 Mecide Shores,,İstanbul,37421,Türkiye,+90556688067
697,697,14283 Sevgen Forges,,İstanbul,47301,Türkiye,+90505612624
698,698,8121 Faize Springs,,İstanbul,03650,Türkiye,+90566019356
699,699,2665 Gül Mount,,İstanbul,13982,Türkiye,+90541897049
700,700,5970 Seven Ports Apt. 481,,Antalya,28151,Türkiye,+90551181593
701,701,84413 Şensoy Circle Suite 565,,Bursa,17942,Türkiye,+90561855615
702,702,723 Mucahit Ramp,,İzmir,42244,Türkiye,+90503976935
703,703,211 Bilge Hollow,Suite 236,Gaziantep,84786,Türkiye,+90507551535
704,704,354 Tevetoğlu Estate,,Ankara,53547,Türkiye,+90507607300
705,705,586 Seven Field Apt. 089,Apt. 540,Adana,87330,Türkiye,+90545271997
706,706,2748 Şendoğan Plains Suite 117,,Mersin,99187,Türkiye,+90558544357
707,707,482 Sanur Road,Apt. 340,Ankara,58877,Türkiye,+90503464878
708,708,581 Akar Walk,,Mersin,63237,Türkiye,+90558492886
709,709,24026 Adlan Prairie Apt. 240,,İstanbul,55016,Türkiye,+90552225600
710,710,51958 Korutürk Garden,,İstanbul,57438,Türkiye,+90553360135
711,711,232 Arslan Valleys Apt. 357,,Konya,74834,Türkiye,+90542076070
712,712,83840 Tarhan Loaf,,Adana,42661,Türkiye,+90551240970
713,713,435 Yorulmaz Shores Apt. 892,,Samsun,22441,Türkiye,+90542914003
714,714,78173 Manço Isle Suite 102,,Bursa,23533,Türkiye,+90530545562
715,715,1069 Şener Mountain,Suite 326,İstanbul,25766,Türkiye,+90561548299
716,716,3459 Durmuş Terrace,,Ankara,32293,Türkiye,+90554944267
717,717,241 Eroğul Views Apt. 873,,İzmir,65879,Türkiye,+90550143090
718,718,183 Neşrin Mount,Apt. 157,İstanbul,51558,Türkiye,+90539326912
719,719,4103 Nuriyet Plains Suite 456,Apt. 207,Antalya,09036,Türkiye,+90507041712
720,720,262 Mansız Terrace,Suite 318,İstanbul,76138,Türkiye,+90562839477
721,721,0650 Ülker Groves,,Ankara,20857,Türkiye,+90554311054
722,722,668 Aksu Shoals,Suite 809,İzmir,93029,Türkiye,+90538998691
723,723,75400 Alemdar Pass,,İstanbul,63726,Türkiye,+90557305187
724,724,2796 Ülker Lodge Suite 809,Suite 586,Eskişehir,19287,Türkiye,+90557316565
725,725,028 Fırat Loop Apt. 959,,Gaziantep,19182,Türkiye,+90504714652
726,726,69970 Şilan Club Suite 580,,Gaziantep,71636,Türkiye,+90535020607
727,727,835 Yaman Run Suite 952,Apt. 244,Ankara,60111,Türkiye,+90504586969
728,728,5441 Sakarya Oval Apt. 131,,İzmir,45861,Türkiye,+90545393485
729,729,7551 Kısakürek Plaza,,Ankara,79327,Türkiye,+90530593865
730,730,4995 Mansurali Plain,,İstanbul,56910,Türkiye,+90501128437
731,731,348 Şafak Rue,,Ankara,59042,Türkiye,+90507296170
732,732,20219 Süvari Camp,,İstanbul,11555,Türkiye,+90549215778
733,733,80346 Dumanlı Mission Suite 500,,Bursa,10895,Türkiye,+90549675785
734,734,757 Yorulmaz Meadows,,Adana,83812,Türkiye,+90568455790
735,735,96882 Kübran Place Apt. 619,,Kocaeli,75057,Türkiye,+90531217683
736,736,10055 Songurkan Green Suite 614,Suite 763,İzmir,87286,Türkiye,+90537138743
737,737,01077 Mürit Forge Suite 812,,Eskişehir,88144,Türkiye,+90544659222
738,738,67644 Yorulmaz Bridge Suite 449,Apt. 178,Samsun,32194,Türkiye,+90501804188
739,739,37574 Şensoy Passage,Apt. 297,Konya,37063,Türkiye,+90553208680
740,740,14060 Aylil Islands Apt. 439,Suite 549,İstanbul,58451,Türkiye,+90556615467
741,741,1548 Tümer Fort,Apt. 999,Ankara,70423,Türkiye,+90530051118
742,742,35151 Ergül Ferry Apt. 153,,İzmir,13754,Türkiye,+90540493304
743,743,206 Güçlü Knolls,,İstanbul,97683,Türkiye,+90506476444
744,744,77377 Karadeniz Island Apt. 545,,Ankara,08409,Türkiye,+90508678924
745,745,2978 Özçam Cape,Suite 818,İstanbul,10411,Türkiye,+90503898335
746,746,98009 Yüksel Fork Suite 261,Apt. 604,İzmir,11905,Türkiye,+90539400672
747,747,8334 Sevican Green,Apt. 399,İzmir,16584,Türkiye,+90504112447
748,748,5824 Hançer Grove Apt. 496,,İzmir,35058,Türkiye,+90508027669
749,749,591 Efe Field,,Ankara,31684,Türkiye,+90555031731
750,750,5782 İlteriş Corners Apt. 229,,Konya,64932,Türkiye,+90554748484
751,751,77709 Kısakürek Plain Apt. 590,Apt. 579,İzmir,15041,Türkiye,+90551560342
752,752,032 Fırat Pine Apt. 136,,Samsun,50303,Türkiye,+90543493529
753,753,1191 Gülinaz Spur Apt. 347,,Adana,32053,Türkiye,+90500585361
754,754,86843 Sevcan Landing,,İstanbul,21673,Türkiye,+90535634015
755,755,4241 Özdil Pine,,Adana,91813,Türkiye,+90568383654
756,756,5126 Sakarya Plaza Apt. 828,Apt. 106,Antalya,70571,Türkiye,+90566671521
757,757,44041 Çorlu Center Apt. 462,,Ankara,25113,Türkiye,+90507087865
758,758,74402 Celilay Causeway,,İstanbul,88267,Türkiye,+90568593148
759,759,6998 Durmuş Drive Apt. 189,,İstanbul,95163,Türkiye,+90550017506
760,760,9862 Ergül Manor,,Bursa,41585,Türkiye,+90508474197
761,761,19098 Ünsever Circles Apt. 559,,İstanbul,64405,Türkiye,+90555104107
762,762,614 Arsoy Glens,,Mersin,07021,Türkiye,+90566791909
763,763,526 Müveddet Station Apt. 561,Apt. 999,Ankara,88924,Türkiye,+90566758856
764,764,7060 Tansev Dam Apt. 878,,İzmir,34447,Türkiye,+90569392596
765,765,9807 Manço Well,,Gaziantep,48515,Türkiye,+90557261435
766,766,429 Akçay Squares,,İzmir,40267,Türkiye,+90563181063
767,767,4107 Soylu Mountain Suite 698,Apt. 892,Ankara,28502,Türkiye,+90557973780
768,768,422 Mehrigül Course Apt. 762,,İstanbul,59124,Türkiye,+90558239361
769,769,5988 Ufukay Motorway Suite 145,Apt. 933,Bursa,12013,Türkiye,+90557227082
770,770,214 Hamiyet Flat Suite 139,Suite 813,Bursa,20787,Türkiye,+90551154923
771,771,842 Çorlu Trail Suite 410,,Bursa,25111,Türkiye,+90533550405
772,772,074 Hariz Land,,Eskişehir,97844,Türkiye,+90558587706
773,773,44380 Tarhan Hill Suite 543,,Ankara,03101,Türkiye,+90569551050
774,774,388 Özay Station Suite 007,,Adana,25671,Türkiye,+90567181939
775,775,137 Andiç Landing,,Denizli,41524,Türkiye,+90539908379
776,776,7025 Zorlu Mall,,Eskişehir,87172,Türkiye,+90500251486
777,777,78792 Emal Avenue Apt. 754,,Mersin,61984,Türkiye,+90567856083
778,778,7821 Soylu Port Suite 970,Suite 508,Gaziantep,85724,Türkiye,+90545093701
779,779,057 Duran Park Suite 181,,İstanbul,47731,Türkiye,+90544365556
780,780,5412 Bitül Dale Apt. 738,Suite 152,Adana,87832,Türkiye,+90530570812
781,781,321 Demirel Station Suite 797,,Ankara,12502,Türkiye,+90535718774
782,782,025 Sayın Valleys,,İstanbul,87680,Türkiye,+90532574844
783,783,7610 Rumeysa Shoals,,İzmir,32831,Türkiye,+90569793503
784,784,24698 Gönen Inlet Apt. 843,Apt. 521,Adana,55543,Türkiye,+90530528974
785,785,4031 Yetişal Square Suite 467,,Antalya,89522,Türkiye,+90508204718
786,786,003 Yorulmaz Knolls Suite 847,,Mersin,39543,Türkiye,+90555576198
787,787,85007 Özdil Lake Suite 421,,Gaziantep,47979,Türkiye,+90531009443
788,788,413 Azade Well Suite 137,,Bursa,21035,Türkiye,+90501633315
789,789,92254 Kandef Knolls Suite 195,,İzmir,76463,Türkiye,+90532215543
790,790,6281 Ergül Walk Suite 226,Suite 502,Mersin,22596,Türkiye,+90553013233
791,791,680 Mansız Roads Apt. 718,,Kocaeli,03149,Türkiye,+90507602917
792,792,128 Feryas Field Apt. 482,,Adana,17699,Türkiye,+90507667029
793,793,28195 Manço Trail Suite 990,,İzmir,45002,Türkiye,+90544231188
794,794,79312 Bağdaş Mountains Suite 036,,Ankara,38849,Türkiye,+90503216702
795,795,62188 İsmet Prairie,Apt. 265,İstanbul,29799,Türkiye,+90537402499
796,796,5940 Duran Mountains Apt. 049,,İstanbul,95540,Türkiye,+90538446570
797,797,989 Zeynelabidin Station,,Gaziantep,71319,Türkiye,+90533606013
798,798,2712 Özkutlu Spur Suite 258,Apt. 365,Ankara,80642,Türkiye,+90500646519
799,799,2964 Arsoy Corners,,İstanbul,22640,Türkiye,+90533994468
800,800,0076 Ballı Summit,,İstanbul,95895,Türkiye,+90566401625
801,801,102 Alemdar Parkways,,Konya,56771,Türkiye,+90564678547
802,802,98466 Yüksel Glens,,İstanbul,56898,Türkiye,+90549937269
803,803,58841 Durdu Trail Suite 568,,Adana,01036,Türkiye,+90540936499
804,804,144 Eraslan Club,,Trabzon,23869,Türkiye,+90506741000
805,805,498 Fenni Street,,Mersin,54785,Türkiye,+90548186744
806,806,130 İnönü Cliffs Apt. 216,Apt. 546,İstanbul,24440,Türkiye,+90505169073
807,807,8339 Zengin Islands Suite 191,Suite 868,İstanbul,83791,Türkiye,+90502647286
808,808,0393 Akgündüz Rapids,Apt. 431,Ankara,12623,Türkiye,+90540999025
809,809,9731 İlkim Island Suite 193,Suite 485,Eskişehir,64189,Türkiye,+90534721692
810,810,7483 Aru Mission,,Ankara,32979,Türkiye,+90509903651
811,811,704 Arsoy Forks,,Adana,90477,Türkiye,+90535972586
812,812,970 Sakarya Roads Suite 393,,Ankara,32079,Türkiye,+90559193692
813,813,89135 Taygan Ramp Apt. 233,Apt. 240,Antalya,29461,Türkiye,+90538025101
814,814,573 Akar Isle Suite 321,Apt. 751,Ankara,22481,Türkiye,+90563685524
815,815,58846 Sevla Locks Apt. 227,,Eskişehir,08386,Türkiye,+90556504556
816,816,772 Memili Island,,İstanbul,22614,Türkiye,+90543118982
817,817,00191 Güçlü View,,Bursa,19157,Türkiye,+90544344067
818,818,2753 Erdursun Knolls,,Kocaeli,77901,Türkiye,+90557225071
819,819,9616 Alkor Tunnel,Suite 449,İzmir,53954,Türkiye,+90555822698
820,820,3246 Velitdin Pass,,Ankara,17011,Türkiye,+90563921163
821,821,176 Mahnaz Path Suite 533,,Ankara,23769,Türkiye,+90541311552
822,822,7724 Terlan Burgs Suite 210,Apt. 521,İstanbul,14318,Türkiye,+90543988574
823,823,93078 Kısakürek Passage Suite 122,Apt. 012,Adana,56651,Türkiye,+90562672724
824,824,4405 Manço Falls Suite 277,Apt. 769,İzmir,89862,Türkiye,+90552491164
825,825,28747 Mengi Summit Suite 655,,Bursa,93308,Türkiye,+90500672731
826,826,0743 Yıldız Lodge,,Antalya,08050,Türkiye,+90504608821
827,827,2881 Şener Row Suite 455,,Trabzon,84015,Türkiye,+90549320549
828,828,396 Çamurcuoğlu Fork,Apt. 025,İzmir,33242,Türkiye,+90565278721
829,829,953 Fırat Locks,Suite 184,Adana,29056,Türkiye,+90552860329
830,830,8975 Eraslan Camp Apt. 213,Apt. 506,Gaziantep,53492,Türkiye,+90502360696
831,831,276 Maksur Shoals,Apt. 277,İzmir,74217,Türkiye,+90565357030
832,832,808 Tevetoğlu Manor Suite 601,Suite 257,İstanbul,80601,Türkiye,+90505200758
833,833,6436 Akdeniz Overpass Apt. 627,,Konya,16841,Türkiye,+90553649661
834,834,996 Saire Tunnel Suite 840,,Ankara,00854,Türkiye,+90566507734
835,835,352 Özdeş Harbors Suite 277,,Konya,15238,Türkiye,+90557689619
836,836,165 Yılmaz Fall Apt. 471,Apt. 112,Konya,95336,Türkiye,+90559188883
837,837,06995 Şafak Dale,,Adana,75924,Türkiye,+90568532045
838,838,48559 Erdoğan Rapid Suite 718,Apt. 675,Trabzon,53755,Türkiye,+90541010454
839,839,129 Gazel Shoals,,İstanbul,63106,Türkiye,+90504847731
840,840,9774 Sancak Club,,Kocaeli,73475,Türkiye,+90551668669
841,841,1149 Yeneral Land,,Antalya,35783,Türkiye,+90506821271
842,842,2572 Zahid Well Apt. 904,Suite 541,Gaziantep,72287,Türkiye,+90560126064
843,843,15542 Aksu Court,,İstanbul,42206,Türkiye,+90556003323
844,844,33055 Dumanlı Knolls,,İstanbul,15332,Türkiye,+90560757792
845,845,2463 Kâzime Turnpike,,Eskişehir,14133,Türkiye,+90504584060
846,846,53466 Fırat Point Suite 303,,İstanbul,28420,Türkiye,+90542675248
847,847,54420 Şehamet Streets,,Eskişehir,08390,Türkiye,+90549934432
848,848,41016 Hekime Flats Apt. 581,,Gaziantep,32880,Türkiye,+90549088528
849,849,2982 Atanur Square,,Ankara,38746,Türkiye,+90532808975
850,850,00918 Neyran Gardens,,Samsun,49624,Türkiye,+90533163816
851,851,113 Enfes Crossroad,,İstanbul,30907,Türkiye,+90541679878
852,852,506 Elamiye Ferry Apt. 855,Apt. 573,Kocaeli,38306,Türkiye,+90506483369
853,853,349 Erbil Brook,,Antalya,52147,Türkiye,+90532703527
854,854,024 Kumral Mall Suite 185,,İstanbul,61628,Türkiye,+90550959595
855,855,0415 Mengi Highway,,İstanbul,76278,Türkiye,+90551540691
856,856,091 Sevim River Suite 081,Suite 796,Bursa,53598,Türkiye,+90535460335
857,857,982 Laze Club Suite 969,,İstanbul,51716,Türkiye,+90504448866
858,858,8022 Akar Wells Apt. 140,,İstanbul,80602,Türkiye,+90501381512
859,859,78512 Öcalan Lights,,İzmir,16398,Türkiye,+90543039021
860,860,723 Canan Expressway Suite 353,,İstanbul,24526,Türkiye,+90536331975
861,861,8131 Dumanlı Pines Apt. 593,Suite 112,Bursa,65326,Türkiye,+90505277857
862,862,6160 Sezen Haven,,Konya,11171,Türkiye,+90537827649
863,863,032 Seven Mount Apt. 554,,Ankara,25497,Türkiye,+90567106850
864,864,5688 Hakikat Views,,İzmir,18348,Türkiye,+90555663569
865,865,551 Nevgin Flat,,Mersin,72517,Türkiye,+90560380763
866,866,17141 Bayzettin Rue Apt. 834,,Bursa,73839,Türkiye,+90501461045
867,867,6290 Mansız Freeway,Suite 551,İstanbul,37623,Türkiye,+90507323808
868,868,9624 Feyruz Spur Suite 874,,Ankara,23031,Türkiye,+90503304574
869,869,2552 Yilmaz Shoals,Suite 637,İstanbul,47990,Türkiye,+90560845749
870,870,94845 Akmaner Square,,Antalya,85297,Türkiye,+90500884012
871,871,650 Sezer Port Apt. 226,,Gaziantep,08012,Türkiye,+90535529602
872,872,55882 Şafak Extensions,,Kocaeli,96143,Türkiye,+90569570191
873,873,07424 Gül Lodge,,İstanbul,45653,Türkiye,+90552281493
874,874,981 Muhyettin Corner,Apt. 838,Bursa,99822,Türkiye,+90552450218
875,875,139 İdiris Ramp,,Ankara,62416,Türkiye,+90546207014
876,876,419 Bezek Stream Suite 858,Suite 170,Antalya,48304,Türkiye,+90554144281
877,877,35834 Tayaydın Walks Apt. 340,,İzmir,79313,Türkiye,+90530639403
878,878,86523 Demirel Fall,Suite 547,Antalya,25162,Türkiye,+90547924635
879,879,62197 Arslan Field Suite 812,Apt. 457,Adana,19593,Türkiye,+90531556121
880,880,354 Baki Court Apt. 545,,Eskişehir,75089,Türkiye,+90506366020
881,881,13923 Yayak Brooks,Suite 888,Kocaeli,31628,Türkiye,+90556073909
882,882,4971 Okbay Village,,İstanbul,69789,Türkiye,+90502869312
883,883,0634 Aslan Ports,Suite 462,İstanbul,54413,Türkiye,+90540311079
884,884,470 Akgündüz Junctions,,İzmir,36781,Türkiye,+90548247122
885,885,859 Razı Creek,Suite 944,Ankara,68083,Türkiye,+90547416656
886,886,784 Buşra Crest,,Antalya,53032,Türkiye,+90558164101
887,887,0792 Çeviköz Inlet,,Ankara,80776,Türkiye,+90541973080
888,888,33809 Pürçek Extension,,Ankara,25307,Türkiye,+90503689873
889,889,6604 Ülker Hill Suite 580,,Antalya,86810,Türkiye,+90508688436
890,890,45749 Yalın Underpass Apt. 699,Apt. 974,İzmir,80807,Türkiye,+90559596624
891,891,0826 Ertaş Forest Suite 482,,Gaziantep,93389,Türkiye,+90504238385
892,892,228 Cüneyit Plaza,Apt. 361,Ankara,39469,Türkiye,+90505231895
893,893,85794 Abdiş Haven Apt. 940,Apt. 275,Denizli,77395,Türkiye,+90502831505
894,894,362 Arslan Fields,,Adana,11287,Türkiye,+90509487493
895,895,1695 Yertan Ports,,İzmir,24986,Türkiye,+90507707716
896,896,768 Dumanlı Springs,Apt. 006,Ankara,99634,Türkiye,+90530425331
897,897,783 Yorulmaz Center Suite 234,,İzmir,98043,Türkiye,+90538242669
898,898,5615 İhsanoğlu Manor Apt. 185,,Mersin,58914,Türkiye,+90549469552
899,899,9636 Akdeniz Highway Apt. 896,,Konya,45374,Türkiye,+90532091895
900,900,1553 Temuçin Terrace Apt. 713,,Ankara,39810,Türkiye,+90509300891
901,901,71166 Türk Shores Apt. 916,,İzmir,40917,Türkiye,+90553522972
902,902,850 Hindal Harbor,,Konya,82961,Türkiye,+90555229798
903,903,92264 Öcalan Summit Suite 614,,Bursa,40234,Türkiye,+90556960528
904,904,78786 Aslan Loaf,Apt. 692,Konya,79075,Türkiye,+90551300793
905,905,79651 Bilir Manor Suite 193,,Ankara,16935,Türkiye,+90541735755
906,906,2778 Merim Ports Apt. 375,,Bursa,41405,Türkiye,+90541383315
907,907,2296 Öztürk Oval Apt. 913,,İstanbul,01559,Türkiye,+90558118678
908,908,8889 Şabettin Fords,Apt. 876,Trabzon,09321,Türkiye,+90540025902
909,909,833 Durmuş Land,,Antalya,25830,Türkiye,+90561952336
910,910,206 Şener Via Apt. 816,Apt. 954,İzmir,28939,Türkiye,+90552286777
911,911,39462 Bilir Spring Apt. 914,Suite 765,İstanbul,11334,Türkiye,+90544758892
912,912,28257 Adıgün Neck,,İstanbul,26363,Türkiye,+90535412060
913,913,350 Soydaner Corner,Apt. 093,Gaziantep,55901,Türkiye,+90566046102
914,914,35323 Şener Flats,Suite 687,Mersin,26448,Türkiye,+90545515241
915,915,149 Anargül Skyway Apt. 173,,Denizli,19803,Türkiye,+90548997651
916,916,2146 Yıldırım Plaza,,Trabzon,31617,Türkiye,+90551597914
917,917,679 Şener Village,,Malatya,15310,Türkiye,+90557598131
918,918,699 Mansız Fork,,İstanbul,03414,Türkiye,+90500919458
919,919,25642 Ildız Mountain Apt. 606,Apt. 843,İzmir,13739,Türkiye,+90559040012
920,920,338 Evrimer Spurs,Suite 021,Ankara,36947,Türkiye,+90537176234
921,921,8478 Sezgin Parks,,İzmir,45714,Türkiye,+90539539579
922,922,4001 Yıldız Fort Apt. 600,Suite 480,İstanbul,69343,Türkiye,+90550266095
923,923,0278 Akçay Brooks,,Samsun,91632,Türkiye,+90545403939
924,924,486 Okgüçlü Stream,Apt. 576,İzmir,80610,Türkiye,+90535605906
925,925,97801 Tarhan Point Suite 870,Suite 939,İstanbul,63639,Türkiye,+90552500852
926,926,66556 Akgündüz Cove,,Eskişehir,26160,Türkiye,+90547012082
927,927,97639 Eraslan Trail,,Adana,74577,Türkiye,+90554314093
928,928,6247 Seven Isle Apt. 801,,Bursa,01428,Türkiye,+90542726969
929,929,4619 Harbinaz Stream Suite 067,,Bursa,76251,Türkiye,+90556543062
930,930,860 Akdeniz Mountain,,Konya,17738,Türkiye,+90563726565
931,931,6738 Ömriye Drive Suite 183,,Ankara,70807,Türkiye,+90543569858
932,932,02659 Nurullah Tunnel,,İstanbul,10126,Türkiye,+90567613969
933,933,498 Feremez Rapid Apt. 771,,Bursa,91744,Türkiye,+90503841993
934,934,46969 Nurbanu Haven,Suite 052,Ankara,11929,Türkiye,+90562185723
935,935,6426 Kadınana Dale Suite 720,,Bursa,01509,Türkiye,+90562719703
936,936,8274 Ertaş Villages,Suite 330,İzmir,23787,Türkiye,+90504581191
937,937,603 Besey Expressway Apt. 607,,Ankara,20584,Türkiye,+90500049314
938,938,908 Akar Burg,,İstanbul,44095,Türkiye,+90508759621
939,939,77359 Ertaş Meadows Suite 076,,İstanbul,92220,Türkiye,+90543850277
940,940,741 Koçkan Lake Suite 864,Apt. 115,Malatya,03038,Türkiye,+90559233224
941,941,7675 Türk Circles Apt. 480,,Ankara,16056,Türkiye,+90558643337
942,942,29013 Öktürk Fall,,İzmir,74613,Türkiye,+90530617036
943,943,7049 Oğurata Flat,,Van,29320,Türkiye,+90551478402
944,944,345 Fetullah Road Suite 825,Apt. 471,İstanbul,49578,Türkiye,+90550037762
945,945,7367 Fırat Gardens,Suite 455,İstanbul,60071,Türkiye,+90561806950
946,946,8533 Yorulmaz Squares Suite 829,,İstanbul,35005,Türkiye,+90553692334
947,947,6414 Akdeniz Stravenue,,Ankara,53641,Türkiye,+90535527852
948,948,92259 Deniz Forks Apt. 716,,Ankara,09068,Türkiye,+90531219661
949,949,6337 Kader Inlet Apt. 974,,Antalya,52055,Türkiye,+90502941048
950,950,749 Akçay Ports,,İstanbul,78317,Türkiye,+90530032668
951,951,6939 Şener Common,,İstanbul,93925,Türkiye,+90538493858
952,952,68077 İhsanoğlu Road Suite 509,Suite 455,Denizli,43175,Türkiye,+90540337476
953,953,772 Çinerk Islands Suite 295,,Ankara,12756,Türkiye,+90503846691
954,954,284 Ecemiş Mountains,,Ankara,36252,Türkiye,+90550591240
955,955,9610 Soylu Keys Apt. 906,,Mersin,03847,Türkiye,+90504758602
956,956,039 Seydo Highway,Suite 903,İstanbul,43199,Türkiye,+90544973045
957,957,1929 Fildan Divide,,Konya,17341,Türkiye,+90569477067
958,958,63746 Özgür Cape Suite 777,,Adana,47274,Türkiye,+90535385784
959,959,9715 Akar River,,Ankara,38407,Türkiye,+90537688679
960,960,3008 Durmuş Squares,,Ankara,47641,Türkiye,+90503778146
961,961,780 Aslan Curve,Suite 903,İzmir,52391,Türkiye,+90550167265
962,962,40087 Şerman Unions Suite 776,Suite 965,İzmir,66147,Türkiye,+90559872839
963,963,650 Mehrigül Union,,İstanbul,04227,Türkiye,+90507908625
964,964,1738 Zebirce Branch,,Ankara,64757,Türkiye,+90503705771
965,965,9948 Akçay Bridge Apt. 699,,Konya,04284,Türkiye,+90502680279
966,966,49347 Şama Hill Suite 654,,Ankara,03484,Türkiye,+90549693634
967,967,93319 Bilir Ramp,,İstanbul,94185,Türkiye,+90549501350
968,968,784 Ülker Islands,Apt. 283,Ankara,95794,Türkiye,+90556954403
969,969,7263 Hatem Lock,,İzmir,35156,Türkiye,+90501062804
970,970,9055 Gülsalın Lane,,İzmir,19480,Türkiye,+90567223369
971,971,979 Mevlüdiye Underpass,Suite 959,İstanbul,81489,Türkiye,+90501859195
972,972,74790 Yaman Stravenue,,Eskişehir,48159,Türkiye,+90563513263
973,973,506 Rebihat Heights Suite 357,Apt. 687,İzmir,93751,Türkiye,+90539131333
974,974,5052 Hayrioğlu Parks Apt. 731,Suite 814,Ankara,26758,Türkiye,+90536770100
975,975,34026 İhsan Extension Apt. 374,,Samsun,14855,Türkiye,+90533795395
976,976,0490 Mansız Estate Suite 136,Suite 088,İstanbul,17988,Türkiye,+90536310068
977,977,81092 Seven Pines Suite 633,,İzmir,98630,Türkiye,+90508865724
978,978,315 Yertan Cove Apt. 980,,İstanbul,33604,Türkiye,+90546917772
979,979,705 Vahittin Grove Suite 490,,İstanbul,17019,Türkiye,+90531830363
980,980,99097 Tevetoğlu Path Suite 906,,Trabzon,29731,Türkiye,+90508433741
981,981,4329 Akar Gateway Apt. 300,Suite 640,Gaziantep,84758,Türkiye,+90565381888
982,982,6198 Günaydin Plains Apt. 541,Apt. 615,Ankara,43638,Türkiye,+90504562501
983,983,85978 Tarhan Lakes,,İstanbul,95875,Türkiye,+90545282300
984,984,80187 Akçay Prairie Apt. 145,,İzmir,28224,Türkiye,+90542290736
985,985,137 Nurtaç Union Suite 886,Suite 940,İstanbul,78674,Türkiye,+90533028584
986,986,6962 Zaliha Field,,Bursa,54846,Türkiye,+90501488333
987,987,0094 Hudavent Pass Apt. 627,,Ankara,53406,Türkiye,+90540122745
988,988,21651 Fadile Viaduct,,Mersin,20425,Türkiye,+90547937141
989,989,2306 Akdeniz Ridge Apt. 955,,Ankara,91600,Türkiye,+90568948538
990,990,406 Akça Harbors,,Gaziantep,36376,Türkiye,+90504764272
991,991,133 Melûl Pass Apt. 767,Apt. 809,İstanbul,16574,Türkiye,+90552347354
992,992,461 Vedat Tunnel,,Mersin,03028,Türkiye,+90569048035
993,993,68687 Tınal Forest,,Antalya,82878,Türkiye,+90500167357
994,994,6376 Mansız Crossroad Apt. 197,,Kocaeli,68275,Türkiye,+90544812324
995,995,32842 Yasan Plains Apt. 693,Suite 878,Adana,42937,Türkiye,+90535226475
996,996,502 Durmuş Club,,Adana,90996,Türkiye,+90506811979
997,997,34446 Gülnaziye Prairie Apt. 434,,İstanbul,71142,Türkiye,+90566755743
998,998,7397 Ağbegim Harbor Apt. 040,Apt. 679,Adana,64004,Türkiye,+90537528880
999,999,58748 Müjde Court,Apt. 096,Bursa,70073,Türkiye,+90568659248
1000,1000,90929 Erdoğan Road Suite 975,,İzmir,35360,Türkiye,+90534123399
1001,1001,29056 Aynilhayat Mission Apt. 545,,Antalya,30063,Türkiye,+90542038372
1002,1002,08453 Omaca Terrace Suite 366,,Gaziantep,07177,Türkiye,+90538444655
